Episode,Number of Falls
1,0
1,0
2,0
3,0
4,0
5,1
6,1
7,1
8,1
9,2
10,2
11,2
12,2
13,2
14,2
15,2
16,2
17,2
18,2
19,2
20,2
21,2
22,2
23,2
24,2
25,2
26,2
27,2
28,2
29,2
30,2
31,3
32,4
33,4
34,4
35,4
36,4
37,4
38,4
39,4
40,4
41,5
42,5
43,6
44,6
45,6
46,6
47,6
48,6
49,6
50,6
51,6
52,6
53,7
54,7
55,8
56,8
57,9
58,9
59,10
60,11
61,11
62,12
63,12
64,12
65,12
66,12
67,13
68,13
69,13
70,13
71,14
72,14
73,14
74,15
75,16
76,16
77,16
78,16
79,16
80,16
81,16
82,16
83,16
84,16
85,16
86,16
87,17
88,17
89,17
90,18
91,18
92,18
93,18
94,18
95,19
96,19
97,19
98,19
99,19
100,19
101,19
102,20
103,21
104,21
105,22
106,23
107,23
108,23
109,24
110,25
111,26
112,27
113,27
114,27
115,27
116,27
117,27
118,27
119,28
120,28
121,29
122,29
123,29
124,30
125,30
126,30
127,30
128,31
129,32
130,32
131,32
132,32
133,32
134,32
135,33
136,34
137,34
138,35
139,35
140,35
141,35
142,35
143,36
144,37
145,37
146,37
147,38
148,39
149,39
150,40
151,41
152,41
153,41
154,41
155,41
156,41
157,41
158,42
159,42
160,42
161,42
162,42
163,42
164,43
165,43
166,43
167,43
168,43
169,44
170,44
171,44
172,44
173,44
174,44
175,44
176,45
177,45
178,45
179,45
180,45
181,45
182,46
183,46
184,46
185,46
186,47
187,47
188,47
189,47
190,47
191,47
192,47
193,47
194,47
195,48
196,48
197,49
198,49
199,50
200,50
201,50
202,50
203,51
204,51
205,51
206,51
207,51
208,51
209,51
210,51
211,51
212,52
213,52
214,52
215,52
216,52
217,52
218,52
219,52
220,52
221,52
222,52
223,53
224,53
225,53
226,53
227,53
228,53
229,53
230,54
231,54
232,54
233,54
234,54
235,54
236,54
237,55
238,55
239,55
240,55
241,55
242,55
243,55
244,55
245,55
246,56
247,56
248,57
249,57
250,57
251,57
252,57
253,57
254,57
255,57
256,57
257,57
258,57
259,57
260,57
261,57
262,58
263,58
264,58
265,59
266,59
267,60
268,60
269,60
270,60
271,60
272,60
273,61
274,61
275,61
276,61
277,62
278,62
279,62
280,62
281,63
282,63
283,63
284,63
285,63
286,64
287,64
288,64
289,64
290,64
291,64
292,64
293,64
294,64
295,65
296,66
297,66
298,66
299,66
300,66
301,66
302,66
303,66
304,66
305,66
306,66
307,66
308,66
309,66
310,66
311,67
312,67
313,67
314,67
315,67
316,67
317,67
318,68
319,68
320,68
321,68
322,68
323,68
324,68
325,68
326,68
327,68
328,69
329,69
330,69
331,69
332,69
333,69
334,70
335,70
336,70
337,70
338,71
339,71
340,71
341,71
342,71
343,71
344,71
345,71
346,71
347,71
348,71
349,71
350,71
351,71
352,71
353,71
354,71
355,71
356,71
357,71
358,71
359,71
360,71
361,71
362,72
363,72
364,72
365,73
366,73
367,73
368,73
369,74
370,74
371,74
372,74
373,74
374,74
375,74
376,74
377,74
378,74
379,74
380,75
381,75
382,75
383,75
384,76
385,76
386,76
387,76
388,76
389,76
390,76
391,76
392,76
393,76
394,76
395,76
396,76
397,76
398,76
399,76
400,76
401,76
402,76
403,76
404,76
405,76
406,77
407,78
408,78
409,78
410,78
411,79
412,80
413,80
414,80
415,81
416,81
417,81
418,81
419,82
420,82
421,82
422,83
423,83
424,83
425,83
426,83
427,83
428,83
429,84
430,84
431,84
432,84
433,84
434,84
435,84
436,84
437,84
438,84
439,84
440,84
441,84
442,84
443,84
444,84
445,84
446,84
447,84
448,84
449,84
450,84
451,84
452,84
453,84
454,84
455,85
456,85
457,85
458,85
459,85
460,85
461,85
462,85
463,85
464,85
465,85
466,85
467,85
468,85
469,85
470,85
471,85
472,85
473,85
474,85
475,85
476,86
477,87
478,87
479,87
480,87
481,87
482,87
483,87
484,87
485,87
486,88
487,88
488,88
489,88
490,88
491,88
492,88
493,88
494,88
495,88
496,88
497,88
498,88
499,88
500,88
501,88
502,88
503,88
504,89
505,89
506,89
507,89
508,89
509,89
510,89
511,90
512,90
513,90
514,90
515,90
516,90
517,90
518,91
519,91
520,91
521,91
522,91
523,92
524,92
525,92
526,92
527,92
528,92
529,92
530,92
531,92
532,92
533,92
534,92
535,92
536,92
537,92
538,92
539,92
540,92
541,92
542,93
543,93
544,93
545,93
546,93
547,93
548,93
549,93
550,93
551,94
552,94
553,94
554,94
555,95
556,95
557,95
558,95
559,95
560,95
561,95
562,95
563,95
564,95
565,95
566,95
567,95
568,95
569,95
570,95
571,95
572,96
573,97
574,98
575,98
576,98
577,98
578,98
579,98
580,98
581,98
582,98
583,98
584,98
585,98
586,98
587,98
588,98
589,98
590,98
591,98
592,98
593,98
594,98
595,99
596,99
597,100
598,100
599,100
600,101
601,101
602,101
603,102
604,102
605,102
606,102
607,102
608,102
609,102
610,102
611,102
612,102
613,102
614,102
615,102
616,102
617,102
618,102
619,102
620,102
621,102
622,102
623,102
624,102
625,102
626,102
627,102
628,102
629,102
630,102
631,102
632,102
633,102
634,102
635,102
636,102
637,102
638,102
639,102
640,102
641,103
642,103
643,103
644,103
645,103
646,103
647,103
648,103
649,104
650,104
651,104
652,104
653,104
654,104
655,105
656,105
657,105
658,106
659,106
660,106
661,106
662,106
663,106
664,106
665,106
666,106
667,106
668,106
669,106
670,106
671,106
672,106
673,106
674,106
675,106
676,107
677,107
678,107
679,107
680,107
681,107
682,107
683,107
684,107
685,107
686,107
687,107
688,107
689,107
690,107
691,107
692,107
693,107
694,107
695,107
696,107
697,107
698,107
699,107
700,107
701,107
702,107
703,107
704,107
705,107
706,107
707,108
708,108
709,108
710,108
711,108
712,108
713,109
714,109
715,109
716,109
717,110
718,110
719,111
720,111
721,111
722,111
723,111
724,111
725,111
726,111
727,111
728,111
729,112
730,113
731,113
732,113
733,113
734,113
735,113
736,113
737,113
738,113
739,113
740,113
741,113
742,113
743,113
744,113
745,113
746,113
747,113
748,113
749,113
750,113
751,113
752,113
753,113
754,113
755,113
756,113
757,113
758,113
759,113
760,113
761,113
762,113
763,114
764,114
765,115
766,115
767,115
768,116
769,116
770,116
771,116
772,116
773,116
774,116
775,117
776,117
777,117
778,117
779,117
780,117
781,117
782,117
783,117
784,118
785,119
786,119
787,119
788,119
789,120
790,120
791,120
792,120
793,120
794,120
795,120
796,120
797,120
798,120
799,120
800,120
801,120
802,120
803,120
804,120
805,120
806,120
807,120
808,120
809,120
810,120
811,120
812,120
813,120
814,120
815,120
816,120
817,120
818,120
819,120
820,120
821,120
822,121
823,122
824,122
825,122
826,122
827,122
828,122
829,122
830,122
831,122
832,122
833,122
834,122
835,122
836,122
837,122
838,122
839,122
840,122
841,122
842,122
843,122
844,122
845,123
846,123
847,123
848,123
849,123
850,123
851,123
852,123
853,123
854,123
855,124
856,124
857,124
858,124
859,124
860,124
861,125
862,126
863,126
864,126
865,126
866,126
867,126
868,126
869,127
870,127
871,127
872,128
873,128
874,128
875,128
876,128
877,128
878,128
879,128
880,128
881,128
882,128
883,128
884,128
885,128
886,128
887,128
888,128
889,128
890,128
891,128
892,128
893,128
894,128
895,128
896,128
897,128
898,128
899,128
900,128
901,128
902,128
903,128
904,128
905,128
906,128
907,129
908,129
909,129
910,129
911,129
912,129
913,129
914,129
915,129
916,129
917,129
918,130
919,130
920,130
921,130
922,130
923,130
924,130
925,130
926,130
927,130
928,130
929,130
930,130
931,130
932,130
933,130
934,130
935,131
936,131
937,131
938,132
939,132
940,132
941,132
942,132
943,133
944,133
945,134
946,134
947,135
948,136
949,136
950,136
951,136
952,136
953,136
954,137
955,137
956,137
957,137
958,138
959,138
960,139
961,139
962,139
963,139
964,139
965,139
966,139
967,139
968,139
969,140
970,140
971,140
972,140
973,140
974,141
975,141
976,142
977,142
978,143
979,143
980,143
981,143
982,143
983,143
984,143
985,143
986,143
987,143
988,143
989,144
990,144
991,144
992,144
993,144
994,144
995,144
996,145
997,145
998,145
999,145
1000,145
1001,145
1002,145
1003,145
1004,145
1005,145
1006,145
1007,145
1008,145
1009,145
1010,145
1011,146
1012,147
1013,147
1014,147
1015,147
1016,147
1017,147
1018,147
1019,147
1020,147
1021,148
1022,148
1023,148
1024,148
1025,148
1026,148
1027,149
1028,149
1029,149
1030,149
1031,149
1032,149
1033,149
1034,149
1035,149
1036,149
1037,149
1038,149
1039,149
1040,149
1041,149
1042,149
1043,150
1044,151
1045,151
1046,151
1047,151
1048,151
1049,151
1050,151
1051,151
1052,151
1053,151
1054,151
1055,151
1056,151
1057,151
1058,151
1059,151
1060,151
1061,151
1062,151
1063,151
1064,152
1065,152
1066,153
1067,153
1068,153
1069,153
1070,153
1071,153
1072,153
1073,153
1074,154
1075,154
1076,154
1077,154
1078,154
1079,155
1080,155
1081,155
1082,155
1083,155
1084,155
1085,155
1086,155
1087,155
1088,155
1089,155
1090,155
1091,155
1092,155
1093,155
1094,155
1095,155
1096,155
1097,155
1098,155
1099,155
1100,155
1101,155
1102,155
1103,156
1104,156
1105,156
1106,156
1107,156
1108,156
1109,156
1110,156
1111,156
1112,156
1113,156
1114,157
1115,157
1116,157
1117,158
1118,158
1119,158
1120,158
1121,158
1122,158
1123,158
1124,158
1125,158
1126,159
1127,159
1128,159
1129,160
1130,160
1131,160
1132,161
1133,161
1134,161
1135,161
1136,161
1137,161
1138,161
1139,161
1140,161
1141,161
1142,161
1143,161
1144,161
1145,161
1146,161
1147,161
1148,161
1149,161
1150,161
1151,161
1152,161
1153,161
1154,161
1155,161
1156,161
1157,161
1158,162
1159,162
1160,162
1161,162
1162,162
1163,162
1164,162
1165,162
1166,162
1167,162
1168,162
1169,162
1170,163
1171,163
1172,163
1173,163
1174,164
1175,165
1176,165
1177,165
1178,165
1179,165
1180,165
1181,165
1182,166
1183,166
1184,166
1185,166
1186,166
1187,166
1188,166
1189,166
1190,166
1191,166
1192,166
1193,166
1194,166
1195,166
1196,166
1197,166
1198,166
1199,166
1200,166
1201,166
1202,166
1203,166
1204,166
1205,166
1206,166
1207,166
1208,166
1209,166
1210,166
1211,166
1212,166
1213,166
1214,166
1215,166
1216,166
1217,167
1218,168
1219,169
1220,169
1221,169
1222,169
1223,170
1224,170
1225,170
1226,170
1227,170
1228,170
1229,170
1230,170
1231,170
1232,170
1233,170
1234,170
1235,170
1236,170
1237,170
1238,170
1239,170
1240,170
1241,170
1242,170
1243,170
1244,170
1245,170
1246,170
1247,170
1248,170
1249,170
1250,170
1251,170
1252,170
1253,171
1254,172
1255,173
1256,173
1257,173
1258,173
1259,173
1260,173
1261,173
1262,173
1263,173
1264,173
1265,173
1266,174
1267,174
1268,175
1269,175
1270,176
1271,176
1272,176
1273,176
1274,176
1275,176
1276,176
1277,176
1278,176
1279,176
1280,176
1281,177
1282,177
1283,177
1284,177
1285,177
1286,177
1287,177
1288,178
1289,179
1290,179
1291,179
1292,179
1293,180
1294,181
1295,181
1296,181
1297,181
1298,181
1299,182
1300,182
1301,183
1302,183
1303,183
1304,183
1305,183
1306,183
1307,183
1308,183
1309,184
1310,184
1311,184
1312,184
1313,185
1314,185
1315,186
1316,186
1317,186
1318,186
1319,186
1320,186
1321,186
1322,186
1323,186
1324,186
1325,186
1326,186
1327,186
1328,186
1329,186
1330,186
1331,186
1332,186
1333,186
1334,186
1335,186
1336,186
1337,186
1338,186
1339,186
1340,186
1341,186
1342,187
1343,187
1344,187
1345,188
1346,188
1347,188
1348,188
1349,188
1350,188
1351,188
1352,188
1353,188
1354,188
1355,188
1356,188
1357,188
1358,188
1359,188
1360,188
1361,189
1362,189
1363,189
1364,189
1365,189
1366,189
1367,189
1368,189
1369,189
1370,189
1371,189
1372,189
1373,190
1374,190
1375,190
1376,190
1377,190
1378,190
1379,190
1380,190
1381,190
1382,190
1383,190
1384,191
1385,191
1386,191
1387,191
1388,191
1389,191
1390,191
1391,191
1392,191
1393,191
1394,192
1395,192
1396,192
1397,192
1398,192
1399,192
1400,192
1401,192
1402,193
1403,193
1404,193
1405,193
1406,193
1407,193
1408,193
1409,193
1410,193
1411,193
1412,193
1413,193
1414,193
1415,193
1416,193
1417,193
1418,193
1419,193
1420,193
1421,193
1422,194
1423,194
1424,194
1425,194
1426,194
1427,195
1428,196
1429,196
1430,196
1431,196
1432,196
1433,196
1434,196
1435,196
1436,196
1437,196
1438,196
1439,197
1440,197
1441,197
1442,197
1443,197
1444,197
1445,197
1446,197
1447,197
1448,197
1449,197
1450,197
1451,197
1452,197
1453,197
1454,197
1455,197
1456,197
1457,198
1458,198
1459,198
1460,198
1461,198
1462,198
1463,198
1464,198
1465,198
1466,198
1467,198
1468,198
1469,199
1470,199
1471,199
1472,199
1473,199
1474,199
1475,199
1476,199
1477,199
1478,199
1479,199
1480,199
1481,199
1482,199
1483,199
1484,199
1485,199
1486,200
1487,200
1488,200
1489,200
1490,200
1491,200
1492,200
1493,200
1494,200
1495,200
1496,200
1497,200
1498,200
1499,200
1500,200
1501,200
1502,200
1503,200
1504,200
1505,200
1506,201
1507,201
1508,201
1509,202
1510,202
1511,202
1512,202
1513,202
1514,202
1515,202
1516,202
1517,202
1518,202
1519,202
1520,202
1521,202
1522,202
1523,202
1524,202
1525,202
1526,202
1527,203
1528,203
1529,203
1530,203
1531,204
1532,204
1533,204
1534,204
1535,204
1536,204
1537,204
1538,204
1539,204
1540,204
1541,204
1542,205
1543,205
1544,205
1545,205
1546,205
1547,205
1548,205
1549,205
1550,205
1551,205
1552,205
1553,205
1554,205
1555,205
1556,205
1557,205
1558,205
1559,205
1560,205
1561,205
1562,205
1563,205
1564,205
1565,205
1566,205
1567,205
1568,205
1569,205
1570,205
1571,205
1572,205
1573,206
1574,206
1575,206
1576,206
1577,206
1578,206
1579,206
1580,206
1581,207
1582,207
1583,207
1584,207
1585,207
1586,207
1587,207
1588,207
1589,207
1590,207
1591,207
1592,207
1593,207
1594,207
1595,207
1596,207
1597,207
1598,207
1599,207
1600,207
1601,207
1602,207
1603,207
1604,207
1605,207
1606,207
1607,207
1608,207
1609,207
1610,207
1611,207
1612,207
1613,207
1614,207
1615,208
1616,208
1617,208
1618,208
1619,208
1620,208
1621,208
1622,208
1623,208
1624,208
1625,209
1626,209
1627,209
1628,209
1629,209
1630,209
1631,210
1632,210
1633,210
1634,211
1635,211
1636,211
1637,211
1638,211
1639,211
1640,211
1641,212
1642,212
1643,212
1644,212
1645,212
1646,212
1647,212
1648,213
1649,213
1650,213
1651,213
1652,213
1653,213
1654,213
1655,213
1656,213
1657,213
1658,213
1659,213
1660,213
1661,213
1662,213
1663,213
1664,213
1665,213
1666,213
1667,213
1668,213
1669,213
1670,213
1671,213
1672,213
1673,213
1674,213
1675,213
1676,213
1677,213
1678,213
1679,213
1680,213
1681,213
1682,213
1683,214
1684,215
1685,215
1686,215
1687,215
1688,215
1689,215
1690,215
1691,215
1692,215
1693,215
1694,215
1695,215
1696,215
1697,215
1698,216
1699,216
1700,216
1701,216
1702,216
1703,216
1704,216
1705,216
1706,216
1707,216
1708,216
1709,216
1710,216
1711,216
1712,217
1713,218
1714,218
1715,218
1716,218
1717,218
1718,218
1719,218
1720,218
1721,218
1722,218
1723,218
1724,218
1725,218
1726,218
1727,218
1728,218
1729,218
1730,218
1731,218
1732,218
1733,218
1734,218
1735,218
1736,218
1737,218
1738,218
1739,219
1740,219
1741,219
1742,219
1743,219
1744,219
1745,219
1746,219
1747,219
1748,219
1749,219
1750,219
1751,219
1752,219
1753,219
1754,219
1755,219
1756,219
1757,219
1758,219
1759,219
1760,219
1761,219
1762,219
1763,219
1764,219
1765,219
1766,220
1767,220
1768,221
1769,221
1770,222
1771,222
1772,222
1773,222
1774,222
1775,222
1776,222
1777,222
1778,222
1779,222
1780,222
1781,223
1782,223
1783,223
1784,223
1785,224
1786,224
1787,224
1788,224
1789,224
1790,224
1791,224
1792,224
1793,224
1794,224
1795,224
1796,224
1797,224
1798,224
1799,224
1800,224
1801,225
1802,225
1803,225
1804,225
1805,225
1806,225
1807,225
1808,225
1809,225
1810,225
1811,225
1812,225
1813,225
1814,225
1815,226
1816,226
1817,226
1818,226
1819,227
1820,227
1821,227
1822,227
1823,227
1824,227
1825,227
1826,227
1827,227
1828,227
1829,227
1830,228
1831,228
1832,228
1833,228
1834,228
1835,228
1836,228
1837,228
1838,228
1839,228
1840,228
1841,228
1842,228
1843,228
1844,228
1845,228
1846,228
1847,229
1848,229
1849,229
1850,229
1851,229
1852,229
1853,229
1854,229
1855,229
1856,229
1857,229
1858,229
1859,229
1860,229
1861,230
1862,231
1863,232
1864,232
1865,233
1866,233
1867,233
1868,234
1869,234
1870,234
1871,234
1872,234
1873,234
1874,234
1875,235
1876,235
1877,235
1878,235
1879,235
1880,235
1881,235
1882,235
1883,235
1884,235
1885,235
1886,235
1887,235
1888,236
1889,236
1890,236
1891,236
1892,237
1893,238
1894,238
1895,239
1896,239
1897,239
1898,239
1899,239
1900,239
1901,239
1902,239
1903,239
1904,239
1905,239
1906,239
1907,239
1908,239
1909,239
1910,239
1911,239
1912,239
1913,239
1914,239
1915,239
1916,240
1917,240
1918,240
1919,240
1920,240
1921,240
1922,240
1923,240
1924,240
1925,240
1926,240
1927,240
1928,240
1929,240
1930,241
1931,241
1932,241
1933,241
1934,241
1935,241
1936,241
1937,242
1938,242
1939,242
1940,242
1941,242
1942,242
1943,242
1944,242
1945,243
1946,243
1947,243
1948,243
1949,243
1950,243
1951,243
1952,243
1953,244
1954,244
1955,244
1956,244
1957,244
1958,244
1959,244
1960,244
1961,244
1962,244
1963,244
1964,245
1965,245
1966,245
1967,245
1968,245
1969,245
1970,245
1971,245
1972,245
1973,245
1974,246
1975,246
1976,246
1977,247
1978,247
1979,247
1980,247
1981,247
1982,247
1983,247
1984,247
1985,247
1986,247
1987,247
1988,247
1989,248
1990,248
1991,248
1992,248
1993,248
1994,248
1995,248
1996,249
1997,250
1998,250
1999,250
2000,251
2001,251
2002,252
2003,252
2004,252
2005,252
2006,253
2007,253
2008,253
2009,253
2010,254
2011,254
2012,254
2013,254
2014,254
2015,254
2016,254
2017,254
2018,254
2019,254
2020,255
2021,255
2022,255
2023,255
2024,255
2025,255
2026,255
2027,255
2028,256
2029,256
2030,256
2031,256
2032,256
2033,256
2034,256
2035,257
2036,258
2037,258
2038,258
2039,259
2040,260
2041,260
2042,260
2043,260
2044,261
2045,261
2046,261
2047,261
2048,261
2049,261
2050,261
2051,262
2052,262
2053,262
2054,262
2055,262
2056,262
2057,262
2058,262
2059,262
2060,262
2061,262
2062,262
2063,262
2064,262
2065,262
2066,262
2067,262
2068,262
2069,262
2070,262
2071,262
2072,262
2073,262
2074,262
2075,263
2076,263
2077,263
2078,263
2079,263
2080,263
2081,263
2082,263
2083,263
2084,263
2085,263
2086,263
2087,263
2088,263
2089,263
2090,264
2091,264
2092,264
2093,264
2094,264
2095,264
2096,264
2097,264
2098,264
2099,264
2100,264
2101,265
2102,265
2103,265
2104,265
2105,265
2106,265
2107,265
2108,265
2109,265
2110,265
2111,265
2112,265
2113,265
2114,265
2115,266
2116,266
2117,266
2118,266
2119,266
2120,266
2121,266
2122,266
2123,266
2124,266
2125,266
2126,266
2127,266
2128,266
2129,266
2130,266
2131,266
2132,266
2133,266
2134,266
2135,266
2136,266
2137,266
2138,266
2139,266
2140,266
2141,267
2142,267
2143,267
2144,267
2145,267
2146,267
2147,268
2148,268
2149,268
2150,268
2151,268
2152,268
2153,268
2154,268
2155,268
2156,269
2157,269
2158,269
2159,269
2160,269
2161,269
2162,269
2163,269
2164,269
2165,269
2166,269
2167,269
2168,269
2169,269
2170,269
2171,269
2172,269
2173,269
2174,269
2175,269
2176,269
2177,269
2178,269
2179,270
2180,270
2181,270
2182,270
2183,270
2184,270
2185,270
2186,270
2187,270
2188,271
2189,271
2190,271
2191,271
2192,271
2193,272
2194,272
2195,272
2196,272
2197,272
2198,272
2199,272
2200,272
2201,272
2202,273
2203,273
2204,274
2205,274
2206,274
2207,274
2208,274
2209,274
2210,274
2211,275
2212,275
2213,275
2214,275
2215,275
2216,275
2217,275
2218,275
2219,276
2220,277
2221,277
2222,277
2223,278
2224,278
2225,278
2226,278
2227,278
2228,278
2229,278
2230,279
2231,279
2232,279
2233,279
2234,280
2235,280
2236,280
2237,280
2238,280
2239,280
2240,280
2241,280
2242,280
2243,280
2244,280
2245,280
2246,280
2247,280
2248,280
2249,280
2250,280
2251,280
2252,280
2253,280
2254,280
2255,281
2256,281
2257,281
2258,281
2259,281
2260,281
2261,281
2262,282
2263,282
2264,282
2265,282
2266,282
2267,282
2268,282
2269,282
2270,282
2271,282
2272,282
2273,282
2274,282
2275,282
2276,282
2277,282
2278,283
2279,283
2280,283
2281,283
2282,283
2283,283
2284,284
2285,284
2286,285
2287,285
2288,286
2289,286
2290,287
2291,287
2292,287
2293,287
2294,287
2295,287
2296,287
2297,287
2298,287
2299,287
2300,287
2301,287
2302,287
2303,287
2304,288
2305,288
2306,288
2307,288
2308,288
2309,288
2310,288
2311,288
2312,288
2313,288
2314,288
2315,288
2316,288
2317,288
2318,288
2319,288
2320,288
2321,288
2322,288
2323,288
2324,288
2325,288
2326,288
2327,288
2328,288
2329,288
2330,288
2331,288
2332,288
2333,288
2334,288
2335,288
2336,288
2337,288
2338,288
2339,288
2340,288
2341,288
2342,288
2343,288
2344,288
2345,288
2346,288
2347,288
2348,289
2349,289
2350,289
2351,289
2352,289
2353,289
2354,289
2355,290
2356,290
2357,290
2358,290
2359,290
2360,290
2361,290
2362,291
2363,291
2364,291
2365,292
2366,292
2367,292
2368,292
2369,292
2370,292
2371,292
2372,292
2373,292
2374,292
2375,292
2376,292
2377,292
2378,292
2379,292
2380,292
2381,292
2382,292
2383,292
2384,292
2385,292
2386,292
2387,292
2388,292
2389,292
2390,292
2391,292
2392,293
2393,293
2394,293
2395,293
2396,293
2397,293
2398,293
2399,293
2400,293
2401,293
2402,293
2403,293
2404,293
2405,294
2406,294
2407,294
2408,294
2409,294
2410,294
2411,294
2412,294
2413,294
2414,294
2415,294
2416,294
2417,294
2418,294
2419,294
2420,294
2421,294
2422,294
2423,294
2424,294
2425,294
2426,295
2427,296
2428,296
2429,296
2430,296
2431,296
2432,296
2433,296
2434,296
2435,297
2436,297
2437,297
2438,297
2439,297
2440,297
2441,297
2442,297
2443,297
2444,297
2445,297
2446,297
2447,298
2448,298
2449,298
2450,298
2451,298
2452,298
2453,299
2454,299
2455,299
2456,299
2457,299
2458,299
2459,299
2460,299
2461,299
2462,299
2463,299
2464,299
2465,299
2466,299
2467,299
2468,299
2469,299
2470,299
2471,299
2472,299
2473,299
2474,299
2475,300
2476,300
2477,300
2478,301
2479,301
2480,301
2481,301
2482,301
2483,301
2484,301
2485,301
2486,301
2487,301
2488,301
2489,301
2490,301
2491,301
2492,301
2493,301
2494,302
2495,303
2496,303
2497,303
2498,303
2499,303
2500,303
2501,303
2502,303
2503,303
2504,304
2505,304
2506,304
2507,304
2508,304
2509,304
2510,304
2511,304
2512,304
2513,305
2514,305
2515,305
2516,305
2517,305
2518,306
2519,307
2520,307
2521,307
2522,307
2523,307
2524,307
2525,307
2526,307
2527,307
2528,307
2529,307
2530,307
2531,307
2532,307
2533,307
2534,307
2535,307
2536,308
2537,308
2538,309
2539,309
2540,309
2541,309
2542,309
2543,309
2544,309
2545,309
2546,310
2547,310
2548,310
2549,310
2550,310
2551,310
2552,310
2553,310
2554,310
2555,310
2556,310
2557,310
2558,311
2559,311
2560,312
2561,312
2562,312
2563,313
2564,313
2565,313
2566,313
2567,313
2568,313
2569,313
2570,313
2571,313
2572,313
2573,313
2574,313
2575,313
2576,313
2577,313
2578,313
2579,313
2580,313
2581,313
2582,314
2583,314
2584,314
2585,314
2586,315
2587,315
2588,315
2589,315
2590,315
2591,316
2592,316
2593,316
2594,316
2595,316
2596,316
2597,316
2598,316
2599,316
2600,316
2601,316
2602,316
2603,316
2604,316
2605,316
2606,316
2607,317
2608,317
2609,317
2610,317
2611,318
2612,318
2613,318
2614,318
2615,318
2616,318
2617,318
2618,318
2619,318
2620,318
2621,318
2622,318
2623,318
2624,318
2625,318
2626,318
2627,318
2628,318
2629,318
2630,318
2631,318
2632,318
2633,318
2634,318
2635,318
2636,318
2637,318
2638,318
2639,318
2640,318
2641,318
2642,319
2643,319
2644,319
2645,320
2646,320
2647,320
2648,320
2649,320
2650,320
2651,320
2652,320
2653,320
2654,320
2655,320
2656,320
2657,320
2658,320
2659,320
2660,320
2661,320
2662,320
2663,320
2664,320
2665,320
2666,320
2667,321
2668,321
2669,321
2670,321
2671,321
2672,321
2673,321
2674,321
2675,322
2676,322
2677,322
2678,322
2679,322
2680,322
2681,323
2682,323
2683,323
2684,323
2685,323
2686,323
2687,323
2688,323
2689,324
2690,324
2691,324
2692,324
2693,324
2694,324
2695,325
2696,325
2697,325
2698,325
2699,325
2700,326
2701,326
2702,326
2703,327
2704,328
2705,328
2706,328
2707,328
2708,328
2709,328
2710,328
2711,329
2712,329
2713,330
2714,330
2715,330
2716,330
2717,330
2718,330
2719,330
2720,330
2721,330
2722,330
2723,330
2724,330
2725,330
2726,330
2727,330
2728,330
2729,330
2730,330
2731,330
2732,330
2733,330
2734,330
2735,330
2736,330
2737,330
2738,330
2739,330
2740,331
2741,331
2742,331
2743,331
2744,331
2745,331
2746,331
2747,331
2748,331
2749,332
2750,332
2751,332
2752,332
2753,332
2754,332
2755,332
2756,332
2757,332
2758,332
2759,332
2760,332
2761,332
2762,333
2763,334
2764,334
2765,334
2766,334
2767,334
2768,335
2769,335
2770,336
2771,336
2772,336
2773,336
2774,336
2775,336
2776,336
2777,336
2778,336
2779,337
2780,337
2781,337
2782,337
2783,337
2784,337
2785,337
2786,337
2787,337
2788,337
2789,337
2790,337
2791,337
2792,337
2793,338
2794,338
2795,338
2796,338
2797,338
2798,339
2799,339
2800,339
2801,339
2802,339
2803,339
2804,339
2805,339
2806,339
2807,339
2808,340
2809,340
2810,341
2811,341
2812,341
2813,341
2814,342
2815,343
2816,343
2817,343
2818,343
2819,343
2820,343
2821,343
2822,343
2823,343
2824,343
2825,343
2826,343
2827,343
2828,343
2829,343
2830,343
2831,343
2832,343
2833,344
2834,345
2835,346
2836,346
2837,346
2838,346
2839,346
2840,346
2841,346
2842,346
2843,346
2844,346
2845,346
2846,346
2847,347
2848,347
2849,347
2850,347
2851,347
2852,347
2853,348
2854,348
2855,348
2856,348
2857,348
2858,348
2859,349
2860,349
2861,349
2862,350
2863,350
2864,350
2865,350
2866,350
2867,350
2868,350
2869,350
2870,350
2871,350
2872,350
2873,350
2874,350
2875,350
2876,351
2877,351
2878,351
2879,351
2880,351
2881,351
2882,351
2883,351
2884,351
2885,351
2886,351
2887,351
2888,351
2889,351
2890,351
2891,351
2892,351
2893,351
2894,352
2895,352
2896,352
2897,352
2898,352
2899,352
2900,353
2901,353
2902,353
2903,353
2904,353
2905,354
2906,354
2907,354
2908,355
2909,355
2910,355
2911,355
2912,355
2913,355
2914,355
2915,355
2916,355
2917,355
2918,355
2919,355
2920,356
2921,356
2922,357
2923,357
2924,357
2925,357
2926,357
2927,357
2928,358
2929,358
2930,358
2931,358
2932,358
2933,358
2934,358
2935,358
2936,358
2937,358
2938,358
2939,358
2940,358
2941,358
2942,358
2943,358
2944,358
2945,359
2946,359
2947,359
2948,359
2949,359
2950,359
2951,359
2952,360
2953,360
2954,360
2955,360
2956,361
2957,361
2958,361
2959,361
2960,361
2961,361
2962,361
2963,361
2964,361
2965,361
2966,361
2967,361
2968,361
2969,361
2970,361
2971,361
2972,361
2973,361
2974,361
2975,361
2976,361
2977,361
2978,362
2979,362
2980,362
2981,363
2982,363
2983,363
2984,363
2985,363
2986,363
2987,363
2988,363
2989,363
2990,363
2991,364
2992,364
2993,364
2994,365
2995,366
2996,366
2997,367
2998,367
2999,367
3000,367
3001,367
3002,367
3003,367
3004,368
3005,368
3006,368
3007,368
3008,368
3009,368
3010,368
3011,368
3012,368
3013,368
3014,368
3015,368
3016,368
3017,368
3018,368
3019,368
3020,368
3021,368
3022,368
3023,368
3024,368
3025,368
3026,368
3027,369
3028,369
3029,369
3030,369
3031,370
3032,370
3033,370
3034,370
3035,371
3036,371
3037,371
3038,371
3039,371
3040,371
3041,371
3042,371
3043,371
3044,371
3045,371
3046,371
3047,371
3048,372
3049,372
3050,372
3051,372
3052,372
3053,372
3054,372
3055,372
3056,372
3057,372
3058,372
3059,372
3060,372
3061,372
3062,372
3063,373
3064,373
3065,373
3066,374
3067,374
3068,374
3069,374
3070,374
3071,374
3072,374
3073,374
3074,374
3075,374
3076,374
3077,374
3078,374
3079,374
3080,374
3081,375
3082,375
3083,375
3084,375
3085,375
3086,375
3087,375
3088,376
3089,376
3090,376
3091,376
3092,376
3093,376
3094,377
3095,377
3096,377
3097,378
3098,378
3099,378
3100,378
3101,378
3102,379
3103,379
3104,379
3105,379
3106,379
3107,380
3108,380
3109,380
3110,380
3111,380
3112,380
3113,380
3114,381
3115,381
3116,381
3117,381
3118,381
3119,381
3120,381
3121,381
3122,381
3123,381
3124,381
3125,381
3126,382
3127,382
3128,382
3129,382
3130,382
3131,382
3132,383
3133,383
3134,383
3135,383
3136,383
3137,383
3138,383
3139,383
3140,383
3141,383
3142,383
3143,383
3144,383
3145,383
3146,383
3147,383
3148,383
3149,384
3150,384
3151,384
3152,384
3153,384
3154,384
3155,384
3156,384
3157,384
3158,384
3159,384
3160,384
3161,385
3162,385
3163,385
3164,385
3165,385
3166,385
3167,385
3168,385
3169,385
3170,385
3171,385
3172,385
3173,385
3174,385
3175,385
3176,385
3177,385
3178,385
3179,385
3180,385
3181,385
3182,385
3183,385
3184,385
3185,385
3186,385
3187,385
3188,385
3189,385
3190,385
3191,385
3192,385
3193,385
3194,386
3195,386
3196,386
3197,386
3198,386
3199,386
3200,386
3201,386
3202,386
3203,386
3204,386
3205,386
3206,387
3207,387
3208,387
3209,387
3210,387
3211,387
3212,387
3213,387
3214,387
3215,387
3216,387
3217,387
3218,387
3219,387
3220,388
3221,388
3222,388
3223,389
3224,389
3225,389
3226,389
3227,389
3228,389
3229,389
3230,389
3231,390
3232,390
3233,390
3234,390
3235,390
3236,390
3237,390
3238,390
3239,390
3240,390
3241,390
3242,390
3243,391
3244,391
3245,392
3246,392
3247,393
3248,394
3249,394
3250,394
3251,394
3252,394
3253,394
3254,395
3255,395
3256,395
3257,395
3258,395
3259,395
3260,395
3261,395
3262,395
3263,395
3264,395
3265,395
3266,395
3267,395
3268,395
3269,395
3270,395
3271,395
3272,395
3273,395
3274,395
3275,395
3276,395
3277,395
3278,395
3279,396
3280,397
3281,397
3282,397
3283,397
3284,397
3285,397
3286,397
3287,397
3288,397
3289,397
3290,397
3291,397
3292,397
3293,397
3294,397
3295,397
3296,397
3297,397
3298,397
3299,397
3300,398
3301,398
3302,398
3303,398
3304,398
3305,398
3306,398
3307,398
3308,398
3309,398
3310,398
3311,398
3312,398
3313,398
3314,398
3315,398
3316,399
3317,399
3318,399
3319,399
3320,399
3321,399
3322,399
3323,399
3324,399
3325,399
3326,399
3327,399
3328,399
3329,399
3330,399
3331,399
3332,399
3333,400
3334,400
3335,400
3336,400
3337,400
3338,400
3339,401
3340,401
3341,401
3342,401
3343,401
3344,401
3345,401
3346,401
3347,401
3348,401
3349,401
3350,401
3351,401
3352,401
3353,401
3354,401
3355,401
3356,401
3357,401
3358,401
3359,401
3360,401
3361,401
3362,401
3363,401
3364,401
3365,401
3366,401
3367,401
3368,401
3369,402
3370,403
3371,403
3372,403
3373,404
3374,404
3375,404
3376,404
3377,404
3378,404
3379,404
3380,404
3381,404
3382,404
3383,404
3384,404
3385,404
3386,404
3387,405
3388,405
3389,406
3390,406
3391,407
3392,407
3393,407
3394,407
3395,407
3396,407
3397,408
3398,408
3399,408
3400,408
3401,408
3402,408
3403,408
3404,409
3405,409
3406,409
3407,409
3408,410
3409,410
3410,410
3411,410
3412,410
3413,410
3414,410
3415,410
3416,410
3417,410
3418,410
3419,410
3420,410
3421,411
3422,411
3423,411
3424,411
3425,411
3426,411
3427,411
3428,411
3429,411
3430,411
3431,412
3432,412
3433,412
3434,412
3435,412
3436,412
3437,413
3438,414
3439,414
3440,414
3441,414
3442,414
3443,415
3444,415
3445,415
3446,415
3447,415
3448,415
3449,415
3450,415
3451,415
3452,415
3453,416
3454,416
3455,416
3456,416
3457,416
3458,416
3459,416
3460,416
3461,416
3462,416
3463,416
3464,416
3465,416
3466,416
3467,417
3468,417
3469,417
3470,417
3471,417
3472,418
3473,418
3474,418
3475,418
3476,419
3477,419
3478,419
3479,419
3480,419
3481,419
3482,419
3483,419
3484,419
3485,419
3486,419
3487,419
3488,419
3489,419
3490,419
3491,419
3492,419
3493,419
3494,419
3495,419
3496,419
3497,419
3498,420
3499,420
3500,420
3501,420
3502,420
3503,420
3504,420
3505,420
3506,420
3507,420
3508,420
3509,421
3510,421
3511,421
3512,421
3513,421
3514,421
3515,421
3516,421
3517,421
3518,421
3519,422
3520,422
3521,422
3522,422
3523,422
3524,422
3525,422
3526,422
3527,422
3528,422
3529,422
3530,422
3531,422
3532,422
3533,422
3534,422
3535,422
3536,422
3537,422
3538,422
3539,422
3540,422
3541,423
3542,423
3543,423
3544,423
3545,423
3546,423
3547,423
3548,423
3549,423
3550,423
3551,423
3552,423
3553,423
3554,423
3555,423
3556,423
3557,423
3558,424
3559,424
3560,424
3561,424
3562,424
3563,424
3564,424
3565,424
3566,424
3567,424
3568,424
3569,424
3570,425
3571,425
3572,425
3573,426
3574,426
3575,427
3576,427
3577,427
3578,427
3579,427
3580,427
3581,427
3582,427
3583,427
3584,427
3585,427
3586,428
3587,428
3588,428
3589,428
3590,428
3591,428
3592,428
3593,428
3594,428
3595,428
3596,428
3597,428
3598,428
3599,428
3600,428
3601,428
3602,428
3603,429
3604,429
3605,429
3606,430
3607,430
3608,430
3609,430
3610,430
3611,430
3612,430
3613,430
3614,430
3615,430
3616,430
3617,430
3618,431
3619,431
3620,431
3621,431
3622,431
3623,431
3624,431
3625,431
3626,431
3627,431
3628,431
3629,431
3630,431
3631,431
3632,431
3633,431
3634,431
3635,431
3636,431
3637,431
3638,431
3639,431
3640,432
3641,432
3642,432
3643,432
3644,432
3645,433
3646,433
3647,433
3648,433
3649,433
3650,433
3651,433
3652,433
3653,433
3654,433
3655,433
3656,433
3657,433
3658,433
3659,433
3660,433
3661,433
3662,433
3663,433
3664,433
3665,433
3666,433
3667,433
3668,433
3669,433
3670,433
3671,433
3672,433
3673,433
3674,433
3675,433
3676,433
3677,433
3678,433
3679,433
3680,433
3681,433
3682,433
3683,433
3684,433
3685,433
3686,434
3687,434
3688,434
3689,434
3690,434
3691,435
3692,435
3693,435
3694,435
3695,435
3696,435
3697,435
3698,435
3699,435
3700,435
3701,435
3702,435
3703,435
3704,435
3705,435
3706,435
3707,435
3708,435
3709,435
3710,436
3711,436
3712,436
3713,436
3714,436
3715,436
3716,436
3717,436
3718,436
3719,436
3720,436
3721,436
3722,436
3723,436
3724,436
3725,436
3726,436
3727,436
3728,436
3729,436
3730,436
3731,436
3732,436
3733,436
3734,436
3735,436
3736,436
3737,436
3738,436
3739,436
3740,437
3741,437
3742,438
3743,438
3744,438
3745,438
3746,438
3747,438
3748,438
3749,438
3750,438
3751,438
3752,438
3753,438
3754,438
3755,438
3756,438
3757,438
3758,438
3759,439
3760,439
3761,439
3762,439
3763,439
3764,439
3765,439
3766,439
3767,439
3768,439
3769,439
3770,439
3771,439
3772,439
3773,439
3774,439
3775,439
3776,439
3777,440
3778,440
3779,440
3780,440
3781,440
3782,441
3783,441
3784,441
3785,441
3786,441
3787,441
3788,441
3789,441
3790,441
3791,441
3792,441
3793,441
3794,441
3795,441
3796,441
3797,441
3798,441
3799,441
3800,441
3801,441
3802,441
3803,441
3804,441
3805,441
3806,441
3807,441
3808,441
3809,441
3810,441
3811,441
3812,441
3813,441
3814,441
3815,441
3816,441
3817,441
3818,441
3819,441
3820,441
3821,441
3822,441
3823,441
3824,442
3825,442
3826,442
3827,442
3828,442
3829,442
3830,442
3831,442
3832,442
3833,442
3834,442
3835,442
3836,442
3837,442
3838,442
3839,442
3840,442
3841,442
3842,442
3843,442
3844,442
3845,442
3846,442
3847,442
3848,442
3849,442
3850,442
3851,442
3852,442
3853,442
3854,442
3855,442
3856,442
3857,442
3858,443
3859,443
3860,443
3861,443
3862,443
3863,443
3864,443
3865,443
3866,443
3867,444
3868,444
3869,444
3870,444
3871,444
3872,444
3873,444
3874,444
3875,445
3876,445
3877,445
3878,445
3879,445
3880,445
3881,445
3882,445
3883,445
3884,445
3885,445
3886,445
3887,445
3888,445
3889,445
3890,445
3891,445
3892,445
3893,445
3894,445
3895,445
3896,445
3897,445
3898,445
3899,445
3900,445
3901,445
3902,445
3903,445
3904,445
3905,445
3906,445
3907,445
3908,445
3909,445
3910,445
3911,445
3912,445
3913,445
3914,445
3915,445
3916,445
3917,446
3918,446
3919,446
3920,446
3921,446
3922,446
3923,446
3924,446
3925,447
3926,447
3927,447
3928,447
3929,447
3930,447
3931,447
3932,447
3933,447
3934,447
3935,447
3936,447
3937,447
3938,447
3939,447
3940,447
3941,447
3942,447
3943,447
3944,447
3945,447
3946,447
3947,447
3948,447
3949,447
3950,448
3951,448
3952,448
3953,448
3954,448
3955,448
3956,448
3957,448
3958,448
3959,448
3960,448
3961,448
3962,448
3963,448
3964,448
3965,449
3966,449
3967,449
3968,449
3969,449
3970,449
3971,449
3972,449
3973,449
3974,449
3975,449
3976,449
3977,449
3978,449
3979,449
3980,449
3981,450
3982,450
3983,450
3984,450
3985,450
3986,450
3987,450
3988,451
3989,451
3990,451
3991,451
3992,452
3993,452
3994,452
3995,452
3996,452
3997,452
3998,452
3999,452
4000,452
4001,452
4002,452
4003,452
4004,452
4005,452
4006,452
4007,452
4008,452
4009,452
4010,452
4011,452
4012,452
4013,452
4014,452
4015,452
4016,452
4017,452
4018,452
4019,452
4020,452
4021,452
4022,452
4023,452
4024,453
4025,453
4026,453
4027,453
4028,453
4029,453
4030,453
4031,453
4032,453
4033,453
4034,453
4035,453
4036,453
4037,453
4038,453
4039,453
4040,453
4041,453
4042,453
4043,453
4044,453
4045,453
4046,453
4047,453
4048,454
4049,454
4050,454
4051,454
4052,454
4053,454
4054,454
4055,454
4056,454
4057,454
4058,454
4059,454
4060,454
4061,454
4062,454
4063,454
4064,454
4065,454
4066,454
4067,454
4068,454
4069,454
4070,454
4071,454
4072,454
4073,454
4074,454
4075,454
4076,454
4077,454
4078,454
4079,454
4080,454
4081,454
4082,454
4083,454
4084,454
4085,454
4086,454
4087,454
4088,454
4089,454
4090,454
4091,454
4092,454
4093,454
4094,454
4095,454
4096,454
4097,454
4098,454
4099,454
4100,454
4101,454
4102,454
4103,454
4104,454
4105,454
4106,454
4107,454
4108,454
4109,454
4110,454
4111,454
4112,454
4113,454
4114,454
4115,454
4116,454
4117,454
4118,454
4119,454
4120,455
4121,455
4122,455
4123,455
4124,455
4125,455
4126,456
4127,456
4128,456
4129,456
4130,456
4131,456
4132,456
4133,456
4134,456
4135,456
4136,456
4137,456
4138,456
4139,456
4140,456
4141,456
4142,456
4143,456
4144,456
4145,456
4146,456
4147,456
4148,456
4149,456
4150,456
4151,456
4152,456
4153,456
4154,456
4155,456
4156,456
4157,456
4158,456
4159,456
4160,456
4161,456
4162,456
4163,456
4164,456
4165,456
4166,456
4167,456
4168,456
4169,456
4170,456
4171,456
4172,456
4173,456
4174,456
4175,456
4176,457
4177,457
4178,457
4179,457
4180,457
4181,457
4182,458
4183,458
4184,458
4185,458
4186,458
4187,458
4188,458
4189,458
4190,458
4191,458
4192,458
4193,458
4194,458
4195,458
4196,458
4197,458
4198,458
4199,458
4200,458
4201,458
4202,459
4203,460
4204,460
4205,460
4206,460
4207,460
4208,460
4209,460
4210,460
4211,460
4212,460
4213,460
4214,460
4215,460
4216,460
4217,460
4218,460
4219,460
4220,460
4221,460
4222,460
4223,460
4224,460
4225,460
4226,460
4227,460
4228,460
4229,460
4230,460
4231,460
4232,460
4233,460
4234,460
4235,460
4236,460
4237,460
4238,460
4239,460
4240,460
4241,460
4242,460
4243,460
4244,460
4245,460
4246,460
4247,460
4248,460
4249,460
4250,460
4251,460
4252,460
4253,460
4254,460
4255,460
4256,460
4257,460
4258,460
4259,460
4260,460
4261,460
4262,460
4263,460
4264,460
4265,460
4266,460
4267,460
4268,460
4269,460
4270,460
4271,461
4272,461
4273,461
4274,461
4275,461
4276,461
4277,461
4278,461
4279,461
4280,461
4281,461
4282,461
4283,461
4284,461
4285,461
4286,461
4287,461
4288,461
4289,461
4290,462
4291,462
4292,462
4293,462
4294,462
4295,462
4296,462
4297,462
4298,462
4299,462
4300,462
4301,462
4302,462
4303,462
4304,462
4305,462
4306,462
4307,462
4308,462
4309,462
4310,463
4311,463
4312,463
4313,463
4314,463
4315,463
4316,463
4317,463
4318,463
4319,463
4320,463
